Source URL,Source title,Anchor,Target URL,Source AS,Page score,Type
https://ontpress.com/health/wrist-injuries/,Understanding Common Hand and Wrist Injuries,wrist brace,https://bracelab.com/wrist-carpal,63,42,Insert
https://www.skipeak.net/blog/ski-injuries/,Common Injuries Every Ski Enthusiast,knee braces,https://bracelab.com/sports-knee,42,36,Insert
https://clichemag.com/health/peak-health/,How to Achieve Peak Health This Year,A back brace from Bracelab,https://bracelab.com/back-brace-posture,60,40,Insert
https://readdive.com/back-injuries-motorcycle/,Back and Spine Injuries in Motorcycle Accidents,neck braces,https://bracelab.com/neck,52,38,Insert
https://ventsmagazine.com/2026/01/14/shoulder-recovery/,Reclaiming Your Active Lifestyle,braces for the shoulder from Bracelab,https://bracelab.com/shoulder,72,46,Insert
https://www.otsnews.co.uk/knee-brace-acl/,Beyond the Physical: Real Impact of a Knee Brace,knee brace for acl injuries,https://bracelab.com/acl,42,32,Insert
https://hometowngrins.com/some-page,👲 Domain Report,bracelab,https://bracelab.com/,0,0,Footer
https://factmags.com/listing/bracelab,Directory Pages Index,Bracelab,https://bracelab.com/,0,0,Sitewide
https://goooogla.com/bracelab.html,❤️ URL Shared ❤️,bracelab.com,https://bracelab.com/,0,0,Footer
https://atomizelink.icu/r/bracelab,✅ Website Stats 📊,bracelab,https://bracelab.com/,0,0,Footer
https://screenshots.wiki/bracelab,Screenshot Service,—,https://bracelab.com/,0,0,Footer
https://quero.party/bracelab,Auto Link Index,bracelab,https://bracelab.com/,0,0,Footer
https://8coint.com/seo-tool,High Quality Backlink Service,bracelab.com,https://bracelab.com/,0,0,Image
https://toplikevideo.com/bracelab,Backlink Service Page,bracelab,https://bracelab.com/,0,0,Footer
https://medicaldevicenews.com/bracelab-feature,Innovative Brace Tech,Bracelab innovative orthopedic devices,https://bracelab.com/,55,42,Insert
https://orthopedicsupply.org/bracelab,Industry Directory: Bracelab,Bracelab orthopedic specialists,https://bracelab.com/,38,30,Insert
