Keyword,Position,Previous position,Search Volume,Keyword Difficulty,CPC,URL,Traffic,Intent
knee brace for arthritis,7,9,2400,42,1.85,https://bracelab.com/knee-brace-arthritis,82,Commercial
custom knee brace,4,5,880,38,2.10,https://bracelab.com/custom-knee-brace,128,Commercial
post surgery knee brace,12,14,1300,46,1.95,https://bracelab.com/post-surgery-knee,38,Commercial
elbow brace for tendonitis,6,8,720,29,1.45,https://bracelab.com/elbow-brace-tendonitis,67,Commercial
custom orthopedic brace,3,3,210,35,2.40,https://bracelab.com/custom-orthopedic,45,Commercial
running knee support,8,11,590,33,1.68,https://bracelab.com/running-knee-support,28,Commercial
ankle brace for sprains,11,13,1900,41,1.52,https://bracelab.com/ankle-sprain-brace,42,Commercial
back brace for posture,9,12,3200,52,1.95,https://bracelab.com/back-brace-posture,68,Commercial
wrist brace carpal tunnel,5,6,2700,44,2.05,https://bracelab.com/wrist-carpal,184,Commercial
shoulder brace for dislocation,10,9,440,38,1.80,https://bracelab.com/shoulder-dislocation,15,Commercial
acl knee brace,4,5,1100,45,2.20,https://bracelab.com/acl-knee,98,Commercial
mcl knee brace,6,7,720,40,2.05,https://bracelab.com/mcl-knee,52,Commercial
patella stabilizing brace,3,4,290,28,1.85,https://bracelab.com/patella-stabilizer,38,Commercial
hinged knee brace,5,7,1600,42,2.15,https://bracelab.com/hinged-knee,142,Commercial
osteoarthritis knee brace,8,10,890,46,2.25,https://bracelab.com/osteoarthritis-knee,32,Commercial
plantar fasciitis brace,11,13,2900,48,1.70,https://bracelab.com/plantar-fasciitis,38,Commercial
sports knee brace,7,8,2200,44,1.85,https://bracelab.com/sports-knee,72,Commercial
knee brace size guide,4,5,180,22,0.95,https://bracelab.com/blog/size-guide,38,Informational
how to wear a knee brace,6,8,260,18,0.72,https://bracelab.com/blog/how-to-wear,18,Informational
best knee brace for hiking,12,15,140,25,1.95,https://bracelab.com/blog/hiking-knee,8,Informational
